object_id,scene_id,current_asset_reference,asset_source,ownership_status,release_status,replacement_required,replacement_plan,priority,notes
scene.autoplay.panel.root,autoplay.panel,02_reference_assets/authorized_raw/playwright_20260510T094437Z/iteration_3/1309_1.23.0_assets_default_common_atlas_misc.atlas,scaffold_reference,scaffold_internal_only,blocked_from_release,true,Replace with original/internal-approved/licensed asset before release.,high,"Internal scaffold/reference only; final asset must be original, internal-approved, or licensed."
scene.autoplay.panel.start_button,scene.autoplay,02_reference_assets/authorized_raw/playwright_20260510T094437Z/iteration_3/1309_1.23.0_assets_default_common_atlas_misc.atlas,scaffold_reference,scaffold_internal_only,blocked_from_release,true,Replace with original/internal-approved/licensed asset before release.,high,"Internal scaffold/reference only; final asset must be original, internal-approved, or licensed."
scene.base.background,scene.base,02_reference_assets/authorized_raw/playwright_20260510T094437Z/iteration_3/1309_1.23.0_assets_default_common_atlas_background.jpg,scaffold_reference,scaffold_internal_only,blocked_from_release,true,Replace with original neon city alley / casino backroom background for Little Gangster.,critical,"Internal scaffold/reference only; final asset must be original, internal-approved, or licensed."
scene.base.cluster_highlight_layer,scene.base,placeholder://scene.base.cluster_highlight_layer,placeholder,needs_replacement,blocked_from_release,true,Replace with original/internal-approved/licensed asset before release.,critical,Placeholder or technical planning object; final asset/position needs product or implementation review.
scene.base.grid.cell.c1.r1,scene.base.grid,02_reference_assets/authorized_raw/playwright_20260510T094437Z/iteration_3/1309_1.23.0_assets_default_common_atlas_misc.atlas,scaffold_reference,scaffold_internal_only,blocked_from_release,true,"Replace with original 6x5 neon heist-board frame, cell treatment, and cluster-highlight overlay.",critical,"Internal scaffold/reference only; final asset must be original, internal-approved, or licensed."
scene.base.grid.cell.c1.r2,scene.base.grid,02_reference_assets/authorized_raw/playwright_20260510T094437Z/iteration_3/1309_1.23.0_assets_default_common_atlas_misc.atlas,scaffold_reference,scaffold_internal_only,blocked_from_release,true,"Replace with original 6x5 neon heist-board frame, cell treatment, and cluster-highlight overlay.",critical,"Internal scaffold/reference only; final asset must be original, internal-approved, or licensed."
scene.base.grid.cell.c1.r3,scene.base.grid,02_reference_assets/authorized_raw/playwright_20260510T094437Z/iteration_3/1309_1.23.0_assets_default_common_atlas_misc.atlas,scaffold_reference,scaffold_internal_only,blocked_from_release,true,"Replace with original 6x5 neon heist-board frame, cell treatment, and cluster-highlight overlay.",critical,"Internal scaffold/reference only; final asset must be original, internal-approved, or licensed."
scene.base.grid.cell.c1.r4,scene.base.grid,02_reference_assets/authorized_raw/playwright_20260510T094437Z/iteration_3/1309_1.23.0_assets_default_common_atlas_misc.atlas,scaffold_reference,scaffold_internal_only,blocked_from_release,true,"Replace with original 6x5 neon heist-board frame, cell treatment, and cluster-highlight overlay.",critical,"Internal scaffold/reference only; final asset must be original, internal-approved, or licensed."
scene.base.grid.cell.c1.r5,scene.base.grid,02_reference_assets/authorized_raw/playwright_20260510T094437Z/iteration_3/1309_1.23.0_assets_default_common_atlas_misc.atlas,scaffold_reference,scaffold_internal_only,blocked_from_release,true,"Replace with original 6x5 neon heist-board frame, cell treatment, and cluster-highlight overlay.",critical,"Internal scaffold/reference only; final asset must be original, internal-approved, or licensed."
scene.base.grid.cell.c2.r1,scene.base.grid,02_reference_assets/authorized_raw/playwright_20260510T094437Z/iteration_3/1309_1.23.0_assets_default_common_atlas_misc.atlas,scaffold_reference,scaffold_internal_only,blocked_from_release,true,"Replace with original 6x5 neon heist-board frame, cell treatment, and cluster-highlight overlay.",critical,"Internal scaffold/reference only; final asset must be original, internal-approved, or licensed."
scene.base.grid.cell.c2.r2,scene.base.grid,02_reference_assets/authorized_raw/playwright_20260510T094437Z/iteration_3/1309_1.23.0_assets_default_common_atlas_misc.atlas,scaffold_reference,scaffold_internal_only,blocked_from_release,true,"Replace with original 6x5 neon heist-board frame, cell treatment, and cluster-highlight overlay.",critical,"Internal scaffold/reference only; final asset must be original, internal-approved, or licensed."
scene.base.grid.cell.c2.r3,scene.base.grid,02_reference_assets/authorized_raw/playwright_20260510T094437Z/iteration_3/1309_1.23.0_assets_default_common_atlas_misc.atlas,scaffold_reference,scaffold_internal_only,blocked_from_release,true,"Replace with original 6x5 neon heist-board frame, cell treatment, and cluster-highlight overlay.",critical,"Internal scaffold/reference only; final asset must be original, internal-approved, or licensed."
scene.base.grid.cell.c2.r4,scene.base.grid,02_reference_assets/authorized_raw/playwright_20260510T094437Z/iteration_3/1309_1.23.0_assets_default_common_atlas_misc.atlas,scaffold_reference,scaffold_internal_only,blocked_from_release,true,"Replace with original 6x5 neon heist-board frame, cell treatment, and cluster-highlight overlay.",critical,"Internal scaffold/reference only; final asset must be original, internal-approved, or licensed."
scene.base.grid.cell.c2.r5,scene.base.grid,02_reference_assets/authorized_raw/playwright_20260510T094437Z/iteration_3/1309_1.23.0_assets_default_common_atlas_misc.atlas,scaffold_reference,scaffold_internal_only,blocked_from_release,true,"Replace with original 6x5 neon heist-board frame, cell treatment, and cluster-highlight overlay.",critical,"Internal scaffold/reference only; final asset must be original, internal-approved, or licensed."
scene.base.grid.cell.c3.r1,scene.base.grid,02_reference_assets/authorized_raw/playwright_20260510T094437Z/iteration_3/1309_1.23.0_assets_default_common_atlas_misc.atlas,scaffold_reference,scaffold_internal_only,blocked_from_release,true,"Replace with original 6x5 neon heist-board frame, cell treatment, and cluster-highlight overlay.",critical,"Internal scaffold/reference only; final asset must be original, internal-approved, or licensed."
scene.base.grid.cell.c3.r2,scene.base.grid,02_reference_assets/authorized_raw/playwright_20260510T094437Z/iteration_3/1309_1.23.0_assets_default_common_atlas_misc.atlas,scaffold_reference,scaffold_internal_only,blocked_from_release,true,"Replace with original 6x5 neon heist-board frame, cell treatment, and cluster-highlight overlay.",critical,"Internal scaffold/reference only; final asset must be original, internal-approved, or licensed."
scene.base.grid.cell.c3.r3,scene.base.grid,02_reference_assets/authorized_raw/playwright_20260510T094437Z/iteration_3/1309_1.23.0_assets_default_common_atlas_misc.atlas,scaffold_reference,scaffold_internal_only,blocked_from_release,true,"Replace with original 6x5 neon heist-board frame, cell treatment, and cluster-highlight overlay.",critical,"Internal scaffold/reference only; final asset must be original, internal-approved, or licensed."
scene.base.grid.cell.c3.r4,scene.base.grid,02_reference_assets/authorized_raw/playwright_20260510T094437Z/iteration_3/1309_1.23.0_assets_default_common_atlas_misc.atlas,scaffold_reference,scaffold_internal_only,blocked_from_release,true,"Replace with original 6x5 neon heist-board frame, cell treatment, and cluster-highlight overlay.",critical,"Internal scaffold/reference only; final asset must be original, internal-approved, or licensed."
scene.base.grid.cell.c3.r5,scene.base.grid,02_reference_assets/authorized_raw/playwright_20260510T094437Z/iteration_3/1309_1.23.0_assets_default_common_atlas_misc.atlas,scaffold_reference,scaffold_internal_only,blocked_from_release,true,"Replace with original 6x5 neon heist-board frame, cell treatment, and cluster-highlight overlay.",critical,"Internal scaffold/reference only; final asset must be original, internal-approved, or licensed."
scene.base.grid.cell.c4.r1,scene.base.grid,02_reference_assets/authorized_raw/playwright_20260510T094437Z/iteration_3/1309_1.23.0_assets_default_common_atlas_misc.atlas,scaffold_reference,scaffold_internal_only,blocked_from_release,true,"Replace with original 6x5 neon heist-board frame, cell treatment, and cluster-highlight overlay.",critical,"Internal scaffold/reference only; final asset must be original, internal-approved, or licensed."
scene.base.grid.cell.c4.r2,scene.base.grid,02_reference_assets/authorized_raw/playwright_20260510T094437Z/iteration_3/1309_1.23.0_assets_default_common_atlas_misc.atlas,scaffold_reference,scaffold_internal_only,blocked_from_release,true,"Replace with original 6x5 neon heist-board frame, cell treatment, and cluster-highlight overlay.",critical,"Internal scaffold/reference only; final asset must be original, internal-approved, or licensed."
scene.base.grid.cell.c4.r3,scene.base.grid,02_reference_assets/authorized_raw/playwright_20260510T094437Z/iteration_3/1309_1.23.0_assets_default_common_atlas_misc.atlas,scaffold_reference,scaffold_internal_only,blocked_from_release,true,"Replace with original 6x5 neon heist-board frame, cell treatment, and cluster-highlight overlay.",critical,"Internal scaffold/reference only; final asset must be original, internal-approved, or licensed."
scene.base.grid.cell.c4.r4,scene.base.grid,02_reference_assets/authorized_raw/playwright_20260510T094437Z/iteration_3/1309_1.23.0_assets_default_common_atlas_misc.atlas,scaffold_reference,scaffold_internal_only,blocked_from_release,true,"Replace with original 6x5 neon heist-board frame, cell treatment, and cluster-highlight overlay.",critical,"Internal scaffold/reference only; final asset must be original, internal-approved, or licensed."
scene.base.grid.cell.c4.r5,scene.base.grid,02_reference_assets/authorized_raw/playwright_20260510T094437Z/iteration_3/1309_1.23.0_assets_default_common_atlas_misc.atlas,scaffold_reference,scaffold_internal_only,blocked_from_release,true,"Replace with original 6x5 neon heist-board frame, cell treatment, and cluster-highlight overlay.",critical,"Internal scaffold/reference only; final asset must be original, internal-approved, or licensed."
scene.base.grid.cell.c5.r1,scene.base.grid,02_reference_assets/authorized_raw/playwright_20260510T094437Z/iteration_3/1309_1.23.0_assets_default_common_atlas_misc.atlas,scaffold_reference,scaffold_internal_only,blocked_from_release,true,"Replace with original 6x5 neon heist-board frame, cell treatment, and cluster-highlight overlay.",critical,"Internal scaffold/reference only; final asset must be original, internal-approved, or licensed."
scene.base.grid.cell.c5.r2,scene.base.grid,02_reference_assets/authorized_raw/playwright_20260510T094437Z/iteration_3/1309_1.23.0_assets_default_common_atlas_misc.atlas,scaffold_reference,scaffold_internal_only,blocked_from_release,true,"Replace with original 6x5 neon heist-board frame, cell treatment, and cluster-highlight overlay.",critical,"Internal scaffold/reference only; final asset must be original, internal-approved, or licensed."
scene.base.grid.cell.c5.r3,scene.base.grid,02_reference_assets/authorized_raw/playwright_20260510T094437Z/iteration_3/1309_1.23.0_assets_default_common_atlas_misc.atlas,scaffold_reference,scaffold_internal_only,blocked_from_release,true,"Replace with original 6x5 neon heist-board frame, cell treatment, and cluster-highlight overlay.",critical,"Internal scaffold/reference only; final asset must be original, internal-approved, or licensed."
scene.base.grid.cell.c5.r4,scene.base.grid,02_reference_assets/authorized_raw/playwright_20260510T094437Z/iteration_3/1309_1.23.0_assets_default_common_atlas_misc.atlas,scaffold_reference,scaffold_internal_only,blocked_from_release,true,"Replace with original 6x5 neon heist-board frame, cell treatment, and cluster-highlight overlay.",critical,"Internal scaffold/reference only; final asset must be original, internal-approved, or licensed."
scene.base.grid.cell.c5.r5,scene.base.grid,02_reference_assets/authorized_raw/playwright_20260510T094437Z/iteration_3/1309_1.23.0_assets_default_common_atlas_misc.atlas,scaffold_reference,scaffold_internal_only,blocked_from_release,true,"Replace with original 6x5 neon heist-board frame, cell treatment, and cluster-highlight overlay.",critical,"Internal scaffold/reference only; final asset must be original, internal-approved, or licensed."
scene.base.grid.cell.c6.r1,scene.base.grid,02_reference_assets/authorized_raw/playwright_20260510T094437Z/iteration_3/1309_1.23.0_assets_default_common_atlas_misc.atlas,scaffold_reference,scaffold_internal_only,blocked_from_release,true,"Replace with original 6x5 neon heist-board frame, cell treatment, and cluster-highlight overlay.",critical,"Internal scaffold/reference only; final asset must be original, internal-approved, or licensed."
scene.base.grid.cell.c6.r2,scene.base.grid,02_reference_assets/authorized_raw/playwright_20260510T094437Z/iteration_3/1309_1.23.0_assets_default_common_atlas_misc.atlas,scaffold_reference,scaffold_internal_only,blocked_from_release,true,"Replace with original 6x5 neon heist-board frame, cell treatment, and cluster-highlight overlay.",critical,"Internal scaffold/reference only; final asset must be original, internal-approved, or licensed."
scene.base.grid.cell.c6.r3,scene.base.grid,02_reference_assets/authorized_raw/playwright_20260510T094437Z/iteration_3/1309_1.23.0_assets_default_common_atlas_misc.atlas,scaffold_reference,scaffold_internal_only,blocked_from_release,true,"Replace with original 6x5 neon heist-board frame, cell treatment, and cluster-highlight overlay.",critical,"Internal scaffold/reference only; final asset must be original, internal-approved, or licensed."
scene.base.grid.cell.c6.r4,scene.base.grid,02_reference_assets/authorized_raw/playwright_20260510T094437Z/iteration_3/1309_1.23.0_assets_default_common_atlas_misc.atlas,scaffold_reference,scaffold_internal_only,blocked_from_release,true,"Replace with original 6x5 neon heist-board frame, cell treatment, and cluster-highlight overlay.",critical,"Internal scaffold/reference only; final asset must be original, internal-approved, or licensed."
scene.base.grid.cell.c6.r5,scene.base.grid,02_reference_assets/authorized_raw/playwright_20260510T094437Z/iteration_3/1309_1.23.0_assets_default_common_atlas_misc.atlas,scaffold_reference,scaffold_internal_only,blocked_from_release,true,"Replace with original 6x5 neon heist-board frame, cell treatment, and cluster-highlight overlay.",critical,"Internal scaffold/reference only; final asset must be original, internal-approved, or licensed."
scene.base.grid.container,scene.base,02_reference_assets/authorized_raw/playwright_20260510T094437Z/iteration_3/1309_1.23.0_assets_default_common_atlas_misc.atlas,scaffold_reference,scaffold_internal_only,blocked_from_release,true,"Replace with original 6x5 neon heist-board frame, cell treatment, and cluster-highlight overlay.",critical,"Internal scaffold/reference only; final asset must be original, internal-approved, or licensed."
scene.base.logo,scene.base,02_reference_assets/authorized_raw/playwright_20260510T094437Z/iteration_3/1309_1.23.0_assets_default_common_atlas_logos.atlas,scaffold_reference,scaffold_internal_only,blocked_from_release,true,Replace with original/internal-approved/licensed asset before release.,medium,"Internal scaffold/reference only; final asset must be original, internal-approved, or licensed."
scene.base.panel.autoplay_button,scene.base,02_reference_assets/authorized_raw/playwright_20260510T094437Z/iteration_3/1309_1.23.0_assets_default_common_atlas_misc.atlas,scaffold_reference,scaffold_internal_only,blocked_from_release,true,Replace with original/internal-approved/licensed asset before release.,high,"Internal scaffold/reference only; final asset must be original, internal-approved, or licensed."
scene.base.panel.balance_display,scene.base,02_reference_assets/authorized_raw/playwright_20260510T094437Z/iteration_3/1309_1.23.0_assets_default_common_atlas_digits_countup.atlas,scaffold_reference,scaffold_internal_only,blocked_from_release,true,Replace with original/internal-approved/licensed asset before release.,critical,"Internal scaffold/reference only; final asset must be original, internal-approved, or licensed."
scene.base.panel.bet_decrease,scene.base,02_reference_assets/authorized_raw/playwright_20260510T094437Z/iteration_3/1309_1.23.0_assets_default_common_atlas_misc.atlas,scaffold_reference,scaffold_internal_only,blocked_from_release,true,Replace with original/internal-approved/licensed asset before release.,critical,"Internal scaffold/reference only; final asset must be original, internal-approved, or licensed."
scene.base.panel.bet_display,scene.base,02_reference_assets/authorized_raw/playwright_20260510T094437Z/iteration_3/1309_1.23.0_assets_default_common_atlas_digits_countup.atlas,scaffold_reference,scaffold_internal_only,blocked_from_release,true,Replace with original/internal-approved/licensed asset before release.,critical,"Internal scaffold/reference only; final asset must be original, internal-approved, or licensed."
scene.base.panel.bet_increase,scene.base,02_reference_assets/authorized_raw/playwright_20260510T094437Z/iteration_3/1309_1.23.0_assets_default_common_atlas_misc.atlas,scaffold_reference,scaffold_internal_only,blocked_from_release,true,Replace with original/internal-approved/licensed asset before release.,critical,"Internal scaffold/reference only; final asset must be original, internal-approved, or licensed."
scene.base.panel.buy_feature_button,scene.base,02_reference_assets/authorized_raw/playwright_20260510T094437Z/iteration_1/1309_1.23.0_ui_images_promotion_button.png,scaffold_reference,scaffold_internal_only,blocked_from_release,true,Replace with original Start the Job bonus-buy panel and button treatment.,critical,"Internal scaffold/reference only; final asset must be original, internal-approved, or licensed."
scene.base.panel.menu_button,scene.base,02_reference_assets/authorized_raw/playwright_20260510T094437Z/iteration_3/1309_1.23.0_assets_default_common_atlas_misc.atlas,scaffold_reference,scaffold_internal_only,blocked_from_release,true,Replace with original/internal-approved/licensed asset before release.,high,"Internal scaffold/reference only; final asset must be original, internal-approved, or licensed."
scene.base.panel.root,scene.base,02_reference_assets/authorized_raw/playwright_20260510T094437Z/iteration_3/1309_1.23.0_assets_default_common_atlas_misc.atlas,scaffold_reference,scaffold_internal_only,blocked_from_release,true,Replace with original/internal-approved/licensed asset before release.,high,"Internal scaffold/reference only; final asset must be original, internal-approved, or licensed."
scene.base.panel.sound_toggle,scene.base,02_reference_assets/authorized_raw/playwright_20260510T094437Z/iteration_3/1309_1.23.0_assets_default_common_sound_click.mp4,scaffold_reference,scaffold_internal_only,blocked_from_release,true,Replace with original or licensed noir/heist music and UI SFX.,high,"Internal scaffold/reference only; final asset must be original, internal-approved, or licensed."
scene.base.panel.spin_button,scene.base,02_reference_assets/authorized_raw/playwright_20260510T094437Z/iteration_3/1309_1.23.0_assets_default_common_atlas_misc.atlas,scaffold_reference,scaffold_internal_only,blocked_from_release,true,Replace with original/internal-approved/licensed asset before release.,critical,"Internal scaffold/reference only; final asset must be original, internal-approved, or licensed."
scene.base.panel.stop_button,scene.base,02_reference_assets/authorized_raw/playwright_20260510T094437Z/iteration_3/1309_1.23.0_assets_default_common_atlas_misc.atlas,scaffold_reference,scaffold_internal_only,blocked_from_release,true,Replace with original/internal-approved/licensed asset before release.,critical,"Internal scaffold/reference only; final asset must be original, internal-approved, or licensed."
scene.base.panel.turbo_toggle,scene.base,02_reference_assets/authorized_raw/playwright_20260510T094437Z/iteration_3/1309_1.23.0_assets_default_common_atlas_misc.atlas,scaffold_reference,scaffold_internal_only,blocked_from_release,true,Replace with original/internal-approved/licensed asset before release.,high,"Internal scaffold/reference only; final asset must be original, internal-approved, or licensed."
scene.base.symbol.ace.idle,scene.base.symbols,02_reference_assets/authorized_raw/playwright_20260510T094437Z/iteration_3/1309_1.23.0_assets_default_common_atlas_symbols.atlas,scaffold_reference,scaffold_internal_only,blocked_from_release,true,Replace with original Little Gangster symbol art matching the symbol plan and cluster readability requirements.,critical,"Internal scaffold/reference only; final asset must be original, internal-approved, or licensed."
scene.base.symbol.ace.win,scene.base.symbols,02_reference_assets/authorized_raw/playwright_20260510T094437Z/iteration_3/1309_1.23.0_assets_default_common_atlas_symbols.atlas,scaffold_reference,scaffold_internal_only,blocked_from_release,true,Replace with original Little Gangster symbol art matching the symbol plan and cluster readability requirements.,critical,"Internal scaffold/reference only; final asset must be original, internal-approved, or licensed."
scene.base.symbol.jack.idle,scene.base.symbols,02_reference_assets/authorized_raw/playwright_20260510T094437Z/iteration_3/1309_1.23.0_assets_default_common_atlas_symbols.atlas,scaffold_reference,scaffold_internal_only,blocked_from_release,true,Replace with original Little Gangster symbol art matching the symbol plan and cluster readability requirements.,critical,"Internal scaffold/reference only; final asset must be original, internal-approved, or licensed."
scene.base.symbol.jack.win,scene.base.symbols,02_reference_assets/authorized_raw/playwright_20260510T094437Z/iteration_3/1309_1.23.0_assets_default_common_atlas_symbols.atlas,scaffold_reference,scaffold_internal_only,blocked_from_release,true,Replace with original Little Gangster symbol art matching the symbol plan and cluster readability requirements.,critical,"Internal scaffold/reference only; final asset must be original, internal-approved, or licensed."
scene.base.symbol.king.idle,scene.base.symbols,02_reference_assets/authorized_raw/playwright_20260510T094437Z/iteration_3/1309_1.23.0_assets_default_common_atlas_symbols.atlas,scaffold_reference,scaffold_internal_only,blocked_from_release,true,Replace with original Little Gangster symbol art matching the symbol plan and cluster readability requirements.,critical,"Internal scaffold/reference only; final asset must be original, internal-approved, or licensed."
scene.base.symbol.king.win,scene.base.symbols,02_reference_assets/authorized_raw/playwright_20260510T094437Z/iteration_3/1309_1.23.0_assets_default_common_atlas_symbols.atlas,scaffold_reference,scaffold_internal_only,blocked_from_release,true,Replace with original Little Gangster symbol art matching the symbol plan and cluster readability requirements.,critical,"Internal scaffold/reference only; final asset must be original, internal-approved, or licensed."
scene.base.symbol.lg_scatter.idle,scene.base.symbols,02_reference_assets/authorized_raw/playwright_20260510T094437Z/iteration_3/1309_1.23.0_assets_default_common_spine_special.json,scaffold_reference,scaffold_internal_only,blocked_from_release,true,"Replace with original vault-door scatter/bonus trigger, designed for clear 6x5 cluster readability.",critical,"Internal scaffold/reference only; final asset must be original, internal-approved, or licensed."
scene.base.symbol.lg_scatter.win,scene.base.symbols,02_reference_assets/authorized_raw/playwright_20260510T094437Z/iteration_3/1309_1.23.0_assets_default_common_spine_special.json,scaffold_reference,scaffold_internal_only,blocked_from_release,true,"Replace with original vault-door scatter/bonus trigger, designed for clear 6x5 cluster readability.",critical,"Internal scaffold/reference only; final asset must be original, internal-approved, or licensed."
scene.base.symbol.lg_wild.idle,scene.base.symbols,02_reference_assets/authorized_raw/playwright_20260510T094437Z/iteration_3/1309_1.23.0_assets_default_common_spine_wild.json,scaffold_reference,scaffold_internal_only,blocked_from_release,true,"Replace with original neon Little Gangster wild logo/character badge, with idle and win animation states.",critical,"Internal scaffold/reference only; final asset must be original, internal-approved, or licensed."
scene.base.symbol.lg_wild.win,scene.base.symbols,02_reference_assets/authorized_raw/playwright_20260510T094437Z/iteration_3/1309_1.23.0_assets_default_common_spine_wild.json,scaffold_reference,scaffold_internal_only,blocked_from_release,true,"Replace with original neon Little Gangster wild logo/character badge, with idle and win animation states.",critical,"Internal scaffold/reference only; final asset must be original, internal-approved, or licensed."
scene.base.symbol.lookout.idle,scene.base.symbols,02_reference_assets/authorized_raw/playwright_20260510T094437Z/iteration_3/1309_1.23.0_assets_default_common_atlas_symbols.atlas,scaffold_reference,scaffold_internal_only,blocked_from_release,true,Replace with original Little Gangster symbol art matching the symbol plan and cluster readability requirements.,critical,"Internal scaffold/reference only; final asset must be original, internal-approved, or licensed."
scene.base.symbol.lookout.win,scene.base.symbols,02_reference_assets/authorized_raw/playwright_20260510T094437Z/iteration_3/1309_1.23.0_assets_default_common_atlas_symbols.atlas,scaffold_reference,scaffold_internal_only,blocked_from_release,true,Replace with original Little Gangster symbol art matching the symbol plan and cluster readability requirements.,critical,"Internal scaffold/reference only; final asset must be original, internal-approved, or licensed."
scene.base.symbol.queen.idle,scene.base.symbols,02_reference_assets/authorized_raw/playwright_20260510T094437Z/iteration_3/1309_1.23.0_assets_default_common_atlas_symbols.atlas,scaffold_reference,scaffold_internal_only,blocked_from_release,true,Replace with original Little Gangster symbol art matching the symbol plan and cluster readability requirements.,critical,"Internal scaffold/reference only; final asset must be original, internal-approved, or licensed."
scene.base.symbol.queen.win,scene.base.symbols,02_reference_assets/authorized_raw/playwright_20260510T094437Z/iteration_3/1309_1.23.0_assets_default_common_atlas_symbols.atlas,scaffold_reference,scaffold_internal_only,blocked_from_release,true,Replace with original Little Gangster symbol art matching the symbol plan and cluster readability requirements.,critical,"Internal scaffold/reference only; final asset must be original, internal-approved, or licensed."
scene.base.symbol.runner.idle,scene.base.symbols,02_reference_assets/authorized_raw/playwright_20260510T094437Z/iteration_3/1309_1.23.0_assets_default_common_atlas_symbols.atlas,scaffold_reference,scaffold_internal_only,blocked_from_release,true,Replace with original Little Gangster symbol art matching the symbol plan and cluster readability requirements.,critical,"Internal scaffold/reference only; final asset must be original, internal-approved, or licensed."
scene.base.symbol.runner.win,scene.base.symbols,02_reference_assets/authorized_raw/playwright_20260510T094437Z/iteration_3/1309_1.23.0_assets_default_common_atlas_symbols.atlas,scaffold_reference,scaffold_internal_only,blocked_from_release,true,Replace with original Little Gangster symbol art matching the symbol plan and cluster readability requirements.,critical,"Internal scaffold/reference only; final asset must be original, internal-approved, or licensed."
scene.base.symbol.safe_cracker.idle,scene.base.symbols,02_reference_assets/authorized_raw/playwright_20260510T094437Z/iteration_3/1309_1.23.0_assets_default_common_atlas_symbols.atlas,scaffold_reference,scaffold_internal_only,blocked_from_release,true,Replace with original Little Gangster symbol art matching the symbol plan and cluster readability requirements.,critical,"Internal scaffold/reference only; final asset must be original, internal-approved, or licensed."
scene.base.symbol.safe_cracker.win,scene.base.symbols,02_reference_assets/authorized_raw/playwright_20260510T094437Z/iteration_3/1309_1.23.0_assets_default_common_atlas_symbols.atlas,scaffold_reference,scaffold_internal_only,blocked_from_release,true,Replace with original Little Gangster symbol art matching the symbol plan and cluster readability requirements.,critical,"Internal scaffold/reference only; final asset must be original, internal-approved, or licensed."
scene.base.symbol.ten.idle,scene.base.symbols,02_reference_assets/authorized_raw/playwright_20260510T094437Z/iteration_3/1309_1.23.0_assets_default_common_atlas_symbols.atlas,scaffold_reference,scaffold_internal_only,blocked_from_release,true,Replace with original Little Gangster symbol art matching the symbol plan and cluster readability requirements.,critical,"Internal scaffold/reference only; final asset must be original, internal-approved, or licensed."
scene.base.symbol.ten.win,scene.base.symbols,02_reference_assets/authorized_raw/playwright_20260510T094437Z/iteration_3/1309_1.23.0_assets_default_common_atlas_symbols.atlas,scaffold_reference,scaffold_internal_only,blocked_from_release,true,Replace with original Little Gangster symbol art matching the symbol plan and cluster readability requirements.,critical,"Internal scaffold/reference only; final asset must be original, internal-approved, or licensed."
scene.base.symbol.top_boss.idle,scene.base.symbols,02_reference_assets/authorized_raw/playwright_20260510T094437Z/iteration_3/1309_1.23.0_assets_default_common_atlas_symbols.atlas,scaffold_reference,scaffold_internal_only,blocked_from_release,true,Replace with original Little Gangster symbol art matching the symbol plan and cluster readability requirements.,critical,"Internal scaffold/reference only; final asset must be original, internal-approved, or licensed."
scene.base.symbol.top_boss.win,scene.base.symbols,02_reference_assets/authorized_raw/playwright_20260510T094437Z/iteration_3/1309_1.23.0_assets_default_common_atlas_symbols.atlas,scaffold_reference,scaffold_internal_only,blocked_from_release,true,Replace with original Little Gangster symbol art matching the symbol plan and cluster readability requirements.,critical,"Internal scaffold/reference only; final asset must be original, internal-approved, or licensed."
scene.base.win_amount,scene.base,02_reference_assets/authorized_raw/playwright_20260510T094437Z/iteration_3/1309_1.23.0_assets_default_common_atlas_digits_countup.atlas,scaffold_reference,scaffold_internal_only,blocked_from_release,true,Replace with original/internal-approved/licensed asset before release.,critical,"Internal scaffold/reference only; final asset must be original, internal-approved, or licensed."
scene.bet_panel.max_button,scene.bet_panel,02_reference_assets/authorized_raw/playwright_20260510T094437Z/iteration_3/1309_1.23.0_assets_default_common_atlas_misc.atlas,scaffold_reference,scaffold_internal_only,blocked_from_release,true,Replace with original/internal-approved/licensed asset before release.,medium,"Internal scaffold/reference only; final asset must be original, internal-approved, or licensed."
scene.bet_panel.min_button,scene.bet_panel,02_reference_assets/authorized_raw/playwright_20260510T094437Z/iteration_3/1309_1.23.0_assets_default_common_atlas_misc.atlas,scaffold_reference,scaffold_internal_only,blocked_from_release,true,Replace with original/internal-approved/licensed asset before release.,medium,"Internal scaffold/reference only; final asset must be original, internal-approved, or licensed."
scene.bet_panel.modal.root,bet.panel,02_reference_assets/authorized_raw/playwright_20260510T094437Z/iteration_3/1309_1.23.0_assets_default_common_atlas_misc.atlas,scaffold_reference,scaffold_internal_only,blocked_from_release,true,Replace with original/internal-approved/licensed asset before release.,high,"Internal scaffold/reference only; final asset must be original, internal-approved, or licensed."
scene.big_win.counter.amount,scene.big_win,02_reference_assets/authorized_raw/playwright_20260510T094437Z/iteration_3/1309_1.23.0_assets_default_common_spine_win_tiers.json,scaffold_reference,scaffold_internal_only,blocked_from_release,true,"Replace with original vault burst, money rain, and tiered win counter effects.",critical,"Internal scaffold/reference only; final asset must be original, internal-approved, or licensed."
scene.big_win.overlay.root,big.win.scene,02_reference_assets/authorized_raw/playwright_20260510T094437Z/iteration_3/1309_1.23.0_assets_default_common_spine_win_tiers.json,scaffold_reference,scaffold_internal_only,blocked_from_release,true,"Replace with original vault burst, money rain, and tiered win counter effects.",critical,"Internal scaffold/reference only; final asset must be original, internal-approved, or licensed."
scene.bonus_buy.panel.buy_button,scene.bonus_buy.panel,02_reference_assets/authorized_raw/playwright_20260510T094437Z/iteration_1/1309_1.23.0_ui_images_promotion_button.png,scaffold_reference,scaffold_internal_only,blocked_from_release,true,Replace with original Start the Job bonus-buy panel and button treatment.,critical,"Internal scaffold/reference only; final asset must be original, internal-approved, or licensed."
scene.bonus_buy.panel.root,bonus.buy.panel,02_reference_assets/authorized_raw/playwright_20260510T094437Z/iteration_1/1309_1.23.0_ui_images_promotion_button.png,scaffold_reference,scaffold_internal_only,blocked_from_release,true,Replace with original Start the Job bonus-buy panel and button treatment.,critical,"Internal scaffold/reference only; final asset must be original, internal-approved, or licensed."
scene.double_up.modal.root,double.up.placeholder,02_reference_assets/authorized_raw/playwright_20260510T094437Z/iteration_3/1309_1.23.0_assets_default_common_atlas_misc.atlas,scaffold_reference,scaffold_internal_only,blocked_from_release,true,Replace with original/internal-approved/licensed asset before release.,high,"Internal scaffold/reference only; final asset must be original, internal-approved, or licensed."
scene.error.modal.message,scene.error,02_reference_assets/authorized_raw/playwright_20260510T094437Z/iteration_3/1309_1.23.0_assets_default_common_atlas_misc.atlas,scaffold_reference,scaffold_internal_only,blocked_from_release,true,Replace with original/internal-approved/licensed asset before release.,high,"Internal scaffold/reference only; final asset must be original, internal-approved, or licensed."
scene.error.modal.root,error.modal,02_reference_assets/authorized_raw/playwright_20260510T094437Z/iteration_3/1309_1.23.0_assets_default_common_atlas_misc.atlas,scaffold_reference,scaffold_internal_only,blocked_from_release,true,Replace with original/internal-approved/licensed asset before release.,high,"Internal scaffold/reference only; final asset must be original, internal-approved, or licensed."
scene.free_spins.active.background,scene.free_spins.active,02_reference_assets/authorized_raw/playwright_20260510T094437Z/iteration_3/1309_1.23.0_assets_default_common_atlas_background.jpg,scaffold_reference,scaffold_internal_only,blocked_from_release,true,Replace with original neon city alley / casino backroom background for Little Gangster.,critical,"Internal scaffold/reference only; final asset must be original, internal-approved, or licensed."
scene.free_spins.active.title,scene.free_spins.active,02_reference_assets/authorized_raw/playwright_20260510T094437Z/iteration_3/1309_1.23.0_assets_default_common_atlas_logos.atlas,scaffold_reference,scaffold_internal_only,blocked_from_release,true,"Replace with original Heist Mode overlay, counters, and free-spin transitions.",critical,"Internal scaffold/reference only; final asset must be original, internal-approved, or licensed."
scene.free_spins.counter.remaining,scene.free_spins.active,02_reference_assets/authorized_raw/playwright_20260510T094437Z/iteration_3/1309_1.23.0_assets_default_common_spine_fs.json,scaffold_reference,scaffold_internal_only,blocked_from_release,true,"Replace with original Heist Mode overlay, counters, and free-spin transitions.",critical,"Internal scaffold/reference only; final asset must be original, internal-approved, or licensed."
scene.free_spins.grid.cell.c1.r1,scene.free_spins.grid,02_reference_assets/authorized_raw/playwright_20260510T094437Z/iteration_3/1309_1.23.0_assets_default_common_atlas_misc.atlas,scaffold_reference,scaffold_internal_only,blocked_from_release,true,"Replace with original 6x5 neon heist-board frame, cell treatment, and cluster-highlight overlay.",critical,"Internal scaffold/reference only; final asset must be original, internal-approved, or licensed."
scene.free_spins.grid.cell.c1.r2,scene.free_spins.grid,02_reference_assets/authorized_raw/playwright_20260510T094437Z/iteration_3/1309_1.23.0_assets_default_common_atlas_misc.atlas,scaffold_reference,scaffold_internal_only,blocked_from_release,true,"Replace with original 6x5 neon heist-board frame, cell treatment, and cluster-highlight overlay.",critical,"Internal scaffold/reference only; final asset must be original, internal-approved, or licensed."
scene.free_spins.grid.cell.c1.r3,scene.free_spins.grid,02_reference_assets/authorized_raw/playwright_20260510T094437Z/iteration_3/1309_1.23.0_assets_default_common_atlas_misc.atlas,scaffold_reference,scaffold_internal_only,blocked_from_release,true,"Replace with original 6x5 neon heist-board frame, cell treatment, and cluster-highlight overlay.",critical,"Internal scaffold/reference only; final asset must be original, internal-approved, or licensed."
scene.free_spins.grid.cell.c1.r4,scene.free_spins.grid,02_reference_assets/authorized_raw/playwright_20260510T094437Z/iteration_3/1309_1.23.0_assets_default_common_atlas_misc.atlas,scaffold_reference,scaffold_internal_only,blocked_from_release,true,"Replace with original 6x5 neon heist-board frame, cell treatment, and cluster-highlight overlay.",critical,"Internal scaffold/reference only; final asset must be original, internal-approved, or licensed."
scene.free_spins.grid.cell.c1.r5,scene.free_spins.grid,02_reference_assets/authorized_raw/playwright_20260510T094437Z/iteration_3/1309_1.23.0_assets_default_common_atlas_misc.atlas,scaffold_reference,scaffold_internal_only,blocked_from_release,true,"Replace with original 6x5 neon heist-board frame, cell treatment, and cluster-highlight overlay.",critical,"Internal scaffold/reference only; final asset must be original, internal-approved, or licensed."
scene.free_spins.grid.cell.c2.r1,scene.free_spins.grid,02_reference_assets/authorized_raw/playwright_20260510T094437Z/iteration_3/1309_1.23.0_assets_default_common_atlas_misc.atlas,scaffold_reference,scaffold_internal_only,blocked_from_release,true,"Replace with original 6x5 neon heist-board frame, cell treatment, and cluster-highlight overlay.",critical,"Internal scaffold/reference only; final asset must be original, internal-approved, or licensed."
scene.free_spins.grid.cell.c2.r2,scene.free_spins.grid,02_reference_assets/authorized_raw/playwright_20260510T094437Z/iteration_3/1309_1.23.0_assets_default_common_atlas_misc.atlas,scaffold_reference,scaffold_internal_only,blocked_from_release,true,"Replace with original 6x5 neon heist-board frame, cell treatment, and cluster-highlight overlay.",critical,"Internal scaffold/reference only; final asset must be original, internal-approved, or licensed."
scene.free_spins.grid.cell.c2.r3,scene.free_spins.grid,02_reference_assets/authorized_raw/playwright_20260510T094437Z/iteration_3/1309_1.23.0_assets_default_common_atlas_misc.atlas,scaffold_reference,scaffold_internal_only,blocked_from_release,true,"Replace with original 6x5 neon heist-board frame, cell treatment, and cluster-highlight overlay.",critical,"Internal scaffold/reference only; final asset must be original, internal-approved, or licensed."
scene.free_spins.grid.cell.c2.r4,scene.free_spins.grid,02_reference_assets/authorized_raw/playwright_20260510T094437Z/iteration_3/1309_1.23.0_assets_default_common_atlas_misc.atlas,scaffold_reference,scaffold_internal_only,blocked_from_release,true,"Replace with original 6x5 neon heist-board frame, cell treatment, and cluster-highlight overlay.",critical,"Internal scaffold/reference only; final asset must be original, internal-approved, or licensed."
scene.free_spins.grid.cell.c2.r5,scene.free_spins.grid,02_reference_assets/authorized_raw/playwright_20260510T094437Z/iteration_3/1309_1.23.0_assets_default_common_atlas_misc.atlas,scaffold_reference,scaffold_internal_only,blocked_from_release,true,"Replace with original 6x5 neon heist-board frame, cell treatment, and cluster-highlight overlay.",critical,"Internal scaffold/reference only; final asset must be original, internal-approved, or licensed."
scene.free_spins.grid.cell.c3.r1,scene.free_spins.grid,02_reference_assets/authorized_raw/playwright_20260510T094437Z/iteration_3/1309_1.23.0_assets_default_common_atlas_misc.atlas,scaffold_reference,scaffold_internal_only,blocked_from_release,true,"Replace with original 6x5 neon heist-board frame, cell treatment, and cluster-highlight overlay.",critical,"Internal scaffold/reference only; final asset must be original, internal-approved, or licensed."
scene.free_spins.grid.cell.c3.r2,scene.free_spins.grid,02_reference_assets/authorized_raw/playwright_20260510T094437Z/iteration_3/1309_1.23.0_assets_default_common_atlas_misc.atlas,scaffold_reference,scaffold_internal_only,blocked_from_release,true,"Replace with original 6x5 neon heist-board frame, cell treatment, and cluster-highlight overlay.",critical,"Internal scaffold/reference only; final asset must be original, internal-approved, or licensed."
scene.free_spins.grid.cell.c3.r3,scene.free_spins.grid,02_reference_assets/authorized_raw/playwright_20260510T094437Z/iteration_3/1309_1.23.0_assets_default_common_atlas_misc.atlas,scaffold_reference,scaffold_internal_only,blocked_from_release,true,"Replace with original 6x5 neon heist-board frame, cell treatment, and cluster-highlight overlay.",critical,"Internal scaffold/reference only; final asset must be original, internal-approved, or licensed."
scene.free_spins.grid.cell.c3.r4,scene.free_spins.grid,02_reference_assets/authorized_raw/playwright_20260510T094437Z/iteration_3/1309_1.23.0_assets_default_common_atlas_misc.atlas,scaffold_reference,scaffold_internal_only,blocked_from_release,true,"Replace with original 6x5 neon heist-board frame, cell treatment, and cluster-highlight overlay.",critical,"Internal scaffold/reference only; final asset must be original, internal-approved, or licensed."
scene.free_spins.grid.cell.c3.r5,scene.free_spins.grid,02_reference_assets/authorized_raw/playwright_20260510T094437Z/iteration_3/1309_1.23.0_assets_default_common_atlas_misc.atlas,scaffold_reference,scaffold_internal_only,blocked_from_release,true,"Replace with original 6x5 neon heist-board frame, cell treatment, and cluster-highlight overlay.",critical,"Internal scaffold/reference only; final asset must be original, internal-approved, or licensed."
scene.free_spins.grid.cell.c4.r1,scene.free_spins.grid,02_reference_assets/authorized_raw/playwright_20260510T094437Z/iteration_3/1309_1.23.0_assets_default_common_atlas_misc.atlas,scaffold_reference,scaffold_internal_only,blocked_from_release,true,"Replace with original 6x5 neon heist-board frame, cell treatment, and cluster-highlight overlay.",critical,"Internal scaffold/reference only; final asset must be original, internal-approved, or licensed."
scene.free_spins.grid.cell.c4.r2,scene.free_spins.grid,02_reference_assets/authorized_raw/playwright_20260510T094437Z/iteration_3/1309_1.23.0_assets_default_common_atlas_misc.atlas,scaffold_reference,scaffold_internal_only,blocked_from_release,true,"Replace with original 6x5 neon heist-board frame, cell treatment, and cluster-highlight overlay.",critical,"Internal scaffold/reference only; final asset must be original, internal-approved, or licensed."
scene.free_spins.grid.cell.c4.r3,scene.free_spins.grid,02_reference_assets/authorized_raw/playwright_20260510T094437Z/iteration_3/1309_1.23.0_assets_default_common_atlas_misc.atlas,scaffold_reference,scaffold_internal_only,blocked_from_release,true,"Replace with original 6x5 neon heist-board frame, cell treatment, and cluster-highlight overlay.",critical,"Internal scaffold/reference only; final asset must be original, internal-approved, or licensed."
scene.free_spins.grid.cell.c4.r4,scene.free_spins.grid,02_reference_assets/authorized_raw/playwright_20260510T094437Z/iteration_3/1309_1.23.0_assets_default_common_atlas_misc.atlas,scaffold_reference,scaffold_internal_only,blocked_from_release,true,"Replace with original 6x5 neon heist-board frame, cell treatment, and cluster-highlight overlay.",critical,"Internal scaffold/reference only; final asset must be original, internal-approved, or licensed."
scene.free_spins.grid.cell.c4.r5,scene.free_spins.grid,02_reference_assets/authorized_raw/playwright_20260510T094437Z/iteration_3/1309_1.23.0_assets_default_common_atlas_misc.atlas,scaffold_reference,scaffold_internal_only,blocked_from_release,true,"Replace with original 6x5 neon heist-board frame, cell treatment, and cluster-highlight overlay.",critical,"Internal scaffold/reference only; final asset must be original, internal-approved, or licensed."
scene.free_spins.grid.cell.c5.r1,scene.free_spins.grid,02_reference_assets/authorized_raw/playwright_20260510T094437Z/iteration_3/1309_1.23.0_assets_default_common_atlas_misc.atlas,scaffold_reference,scaffold_internal_only,blocked_from_release,true,"Replace with original 6x5 neon heist-board frame, cell treatment, and cluster-highlight overlay.",critical,"Internal scaffold/reference only; final asset must be original, internal-approved, or licensed."
scene.free_spins.grid.cell.c5.r2,scene.free_spins.grid,02_reference_assets/authorized_raw/playwright_20260510T094437Z/iteration_3/1309_1.23.0_assets_default_common_atlas_misc.atlas,scaffold_reference,scaffold_internal_only,blocked_from_release,true,"Replace with original 6x5 neon heist-board frame, cell treatment, and cluster-highlight overlay.",critical,"Internal scaffold/reference only; final asset must be original, internal-approved, or licensed."
scene.free_spins.grid.cell.c5.r3,scene.free_spins.grid,02_reference_assets/authorized_raw/playwright_20260510T094437Z/iteration_3/1309_1.23.0_assets_default_common_atlas_misc.atlas,scaffold_reference,scaffold_internal_only,blocked_from_release,true,"Replace with original 6x5 neon heist-board frame, cell treatment, and cluster-highlight overlay.",critical,"Internal scaffold/reference only; final asset must be original, internal-approved, or licensed."
scene.free_spins.grid.cell.c5.r4,scene.free_spins.grid,02_reference_assets/authorized_raw/playwright_20260510T094437Z/iteration_3/1309_1.23.0_assets_default_common_atlas_misc.atlas,scaffold_reference,scaffold_internal_only,blocked_from_release,true,"Replace with original 6x5 neon heist-board frame, cell treatment, and cluster-highlight overlay.",critical,"Internal scaffold/reference only; final asset must be original, internal-approved, or licensed."
scene.free_spins.grid.cell.c5.r5,scene.free_spins.grid,02_reference_assets/authorized_raw/playwright_20260510T094437Z/iteration_3/1309_1.23.0_assets_default_common_atlas_misc.atlas,scaffold_reference,scaffold_internal_only,blocked_from_release,true,"Replace with original 6x5 neon heist-board frame, cell treatment, and cluster-highlight overlay.",critical,"Internal scaffold/reference only; final asset must be original, internal-approved, or licensed."
scene.free_spins.grid.cell.c6.r1,scene.free_spins.grid,02_reference_assets/authorized_raw/playwright_20260510T094437Z/iteration_3/1309_1.23.0_assets_default_common_atlas_misc.atlas,scaffold_reference,scaffold_internal_only,blocked_from_release,true,"Replace with original 6x5 neon heist-board frame, cell treatment, and cluster-highlight overlay.",critical,"Internal scaffold/reference only; final asset must be original, internal-approved, or licensed."
scene.free_spins.grid.cell.c6.r2,scene.free_spins.grid,02_reference_assets/authorized_raw/playwright_20260510T094437Z/iteration_3/1309_1.23.0_assets_default_common_atlas_misc.atlas,scaffold_reference,scaffold_internal_only,blocked_from_release,true,"Replace with original 6x5 neon heist-board frame, cell treatment, and cluster-highlight overlay.",critical,"Internal scaffold/reference only; final asset must be original, internal-approved, or licensed."
scene.free_spins.grid.cell.c6.r3,scene.free_spins.grid,02_reference_assets/authorized_raw/playwright_20260510T094437Z/iteration_3/1309_1.23.0_assets_default_common_atlas_misc.atlas,scaffold_reference,scaffold_internal_only,blocked_from_release,true,"Replace with original 6x5 neon heist-board frame, cell treatment, and cluster-highlight overlay.",critical,"Internal scaffold/reference only; final asset must be original, internal-approved, or licensed."
scene.free_spins.grid.cell.c6.r4,scene.free_spins.grid,02_reference_assets/authorized_raw/playwright_20260510T094437Z/iteration_3/1309_1.23.0_assets_default_common_atlas_misc.atlas,scaffold_reference,scaffold_internal_only,blocked_from_release,true,"Replace with original 6x5 neon heist-board frame, cell treatment, and cluster-highlight overlay.",critical,"Internal scaffold/reference only; final asset must be original, internal-approved, or licensed."
scene.free_spins.grid.cell.c6.r5,scene.free_spins.grid,02_reference_assets/authorized_raw/playwright_20260510T094437Z/iteration_3/1309_1.23.0_assets_default_common_atlas_misc.atlas,scaffold_reference,scaffold_internal_only,blocked_from_release,true,"Replace with original 6x5 neon heist-board frame, cell treatment, and cluster-highlight overlay.",critical,"Internal scaffold/reference only; final asset must be original, internal-approved, or licensed."
scene.free_spins.intro.background,scene.free_spins.intro,02_reference_assets/authorized_raw/playwright_20260510T094437Z/iteration_3/1309_1.23.0_assets_default_common_atlas_background.jpg,scaffold_reference,scaffold_internal_only,blocked_from_release,true,Replace with original neon city alley / casino backroom background for Little Gangster.,critical,"Internal scaffold/reference only; final asset must be original, internal-approved, or licensed."
scene.free_spins.intro.title,scene.free_spins.intro,02_reference_assets/authorized_raw/playwright_20260510T094437Z/iteration_3/1309_1.23.0_assets_default_common_atlas_logos.atlas,scaffold_reference,scaffold_internal_only,blocked_from_release,true,"Replace with original Heist Mode overlay, counters, and free-spin transitions.",critical,"Internal scaffold/reference only; final asset must be original, internal-approved, or licensed."
scene.free_spins.multiplier_badge,scene.free_spins.active,02_reference_assets/authorized_raw/playwright_20260510T094437Z/iteration_3/1309_1.23.0_assets_default_common_spine_fs.json,scaffold_reference,scaffold_internal_only,blocked_from_release,true,"Replace with original Heist Mode overlay, counters, and free-spin transitions.",critical,"Internal scaffold/reference only; final asset must be original, internal-approved, or licensed."
scene.free_spins.outro.background,scene.free_spins.outro,02_reference_assets/authorized_raw/playwright_20260510T094437Z/iteration_3/1309_1.23.0_assets_default_common_atlas_background.jpg,scaffold_reference,scaffold_internal_only,blocked_from_release,true,Replace with original neon city alley / casino backroom background for Little Gangster.,critical,"Internal scaffold/reference only; final asset must be original, internal-approved, or licensed."
scene.free_spins.outro.title,scene.free_spins.outro,02_reference_assets/authorized_raw/playwright_20260510T094437Z/iteration_3/1309_1.23.0_assets_default_common_atlas_logos.atlas,scaffold_reference,scaffold_internal_only,blocked_from_release,true,"Replace with original Heist Mode overlay, counters, and free-spin transitions.",critical,"Internal scaffold/reference only; final asset must be original, internal-approved, or licensed."
scene.free_spins.outro.total_win,scene.free_spins.outro,02_reference_assets/authorized_raw/playwright_20260510T094437Z/iteration_3/1309_1.23.0_assets_default_common_spine_fs.json,scaffold_reference,scaffold_internal_only,blocked_from_release,true,"Replace with original Heist Mode overlay, counters, and free-spin transitions.",critical,"Internal scaffold/reference only; final asset must be original, internal-approved, or licensed."
scene.layout.desktop.safe_area,desktop.layout,placeholder://scene.layout.desktop.safe_area,placeholder,needs_replacement,blocked_from_release,true,Keep as technical layout guide; final responsive positions must be validated in client implementation.,medium,Placeholder or technical planning object; final asset/position needs product or implementation review.
scene.layout.desktop.safe_area.control_slot,desktop.layout,placeholder://scene.layout.desktop.safe_area.control_slot,placeholder,needs_replacement,blocked_from_release,true,Keep as technical layout guide; final responsive positions must be validated in client implementation.,medium,Placeholder or technical planning object; final asset/position needs product or implementation review.
scene.layout.desktop.safe_area.grid_slot,desktop.layout,02_reference_assets/authorized_raw/playwright_20260510T094437Z/iteration_3/1309_1.23.0_assets_default_common_atlas_misc.atlas,scaffold_reference,scaffold_internal_only,blocked_from_release,true,"Replace with original 6x5 neon heist-board frame, cell treatment, and cluster-highlight overlay.",medium,"Internal scaffold/reference only; final asset must be original, internal-approved, or licensed."
scene.layout.mobile.safe_area,mobile.layout,placeholder://scene.layout.mobile.safe_area,placeholder,needs_replacement,blocked_from_release,true,Keep as technical layout guide; final responsive positions must be validated in client implementation.,medium,Placeholder or technical planning object; final asset/position needs product or implementation review.
scene.layout.mobile.safe_area.control_slot,mobile.layout,placeholder://scene.layout.mobile.safe_area.control_slot,placeholder,needs_replacement,blocked_from_release,true,Keep as technical layout guide; final responsive positions must be validated in client implementation.,medium,Placeholder or technical planning object; final asset/position needs product or implementation review.
scene.layout.mobile.safe_area.grid_slot,mobile.layout,02_reference_assets/authorized_raw/playwright_20260510T094437Z/iteration_3/1309_1.23.0_assets_default_common_atlas_misc.atlas,scaffold_reference,scaffold_internal_only,blocked_from_release,true,"Replace with original 6x5 neon heist-board frame, cell treatment, and cluster-highlight overlay.",medium,"Internal scaffold/reference only; final asset must be original, internal-approved, or licensed."
scene.loading.background,scene.loading,02_reference_assets/authorized_raw/playwright_20260510T094437Z/iteration_3/1309_1.23.0_assets_default_common_atlas_background.jpg,scaffold_reference,scaffold_internal_only,blocked_from_release,true,Replace with original neon city alley / casino backroom background for Little Gangster.,critical,"Internal scaffold/reference only; final asset must be original, internal-approved, or licensed."
scene.loading.continue_prompt,scene.loading,02_reference_assets/authorized_raw/chrome_mcp_20260507_1215/assets_default_common_atlas_fs_splash.ktx2,scaffold_reference,scaffold_internal_only,blocked_from_release,true,Replace with original/internal-approved/licensed asset before release.,medium,"Internal scaffold/reference only; final asset must be original, internal-approved, or licensed."
scene.loading.feature_cards,scene.loading,02_reference_assets/authorized_raw/chrome_mcp_20260507_1215/assets_default_common_atlas_fs_splash.ktx2,scaffold_reference,scaffold_internal_only,blocked_from_release,true,Replace with original/internal-approved/licensed asset before release.,high,"Internal scaffold/reference only; final asset must be original, internal-approved, or licensed."
scene.loading.logo,scene.loading,02_reference_assets/authorized_raw/playwright_20260510T094437Z/iteration_3/1309_1.23.0_assets_default_common_atlas_logos.atlas,scaffold_reference,scaffold_internal_only,blocked_from_release,true,Replace with original/internal-approved/licensed asset before release.,high,"Internal scaffold/reference only; final asset must be original, internal-approved, or licensed."
scene.loading.progress,scene.loading,02_reference_assets/authorized_raw/chrome_mcp_20260507_1215/assets_default_common_atlas_fs_splash.ktx2,scaffold_reference,scaffold_internal_only,blocked_from_release,true,Replace with original/internal-approved/licensed asset before release.,medium,"Internal scaffold/reference only; final asset must be original, internal-approved, or licensed."
scene.reconnect.modal.retry_button,scene.reconnect,02_reference_assets/authorized_raw/playwright_20260510T094437Z/iteration_3/1309_1.23.0_assets_default_common_atlas_misc.atlas,scaffold_reference,scaffold_internal_only,blocked_from_release,true,Replace with original/internal-approved/licensed asset before release.,high,"Internal scaffold/reference only; final asset must be original, internal-approved, or licensed."
scene.reconnect.modal.root,reconnect.modal,02_reference_assets/authorized_raw/playwright_20260510T094437Z/iteration_3/1309_1.23.0_assets_default_common_atlas_misc.atlas,scaffold_reference,scaffold_internal_only,blocked_from_release,true,Replace with original/internal-approved/licensed asset before release.,high,"Internal scaffold/reference only; final asset must be original, internal-approved, or licensed."
scene.rules.feature_rules.tab,scene.rules,02_reference_assets/authorized_raw/playwright_20260510T094437Z/iteration_3/1309_1.23.0_assets_desc.json,scaffold_reference,scaffold_internal_only,blocked_from_release,true,Replace with original/internal-approved/licensed asset before release.,medium,"Internal scaffold/reference only; final asset must be original, internal-approved, or licensed."
scene.rules.modal.root,help.rules.paytable.modal,02_reference_assets/authorized_raw/playwright_20260510T094437Z/iteration_3/1309_1.23.0_assets_desc.json,scaffold_reference,scaffold_internal_only,blocked_from_release,true,Replace with original/internal-approved/licensed asset before release.,high,"Internal scaffold/reference only; final asset must be original, internal-approved, or licensed."
scene.rules.paytable.tab,scene.rules,02_reference_assets/authorized_raw/playwright_20260510T094437Z/iteration_3/1309_1.23.0_assets_desc.json,scaffold_reference,scaffold_internal_only,blocked_from_release,true,Replace with original/internal-approved/licensed asset before release.,critical,"Internal scaffold/reference only; final asset must be original, internal-approved, or licensed."
scene.settings.modal.root,settings.modal,02_reference_assets/authorized_raw/playwright_20260510T094437Z/iteration_3/1309_1.23.0_assets_default_common_atlas_misc.atlas,scaffold_reference,scaffold_internal_only,blocked_from_release,true,Replace with original/internal-approved/licensed asset before release.,high,"Internal scaffold/reference only; final asset must be original, internal-approved, or licensed."
scene.settings.music_toggle,scene.settings,02_reference_assets/authorized_raw/playwright_20260510T094437Z/iteration_3/1309_1.23.0_assets_default_common_sound_music_intro.mp4,scaffold_reference,scaffold_internal_only,blocked_from_release,true,Replace with original or licensed noir/heist music and UI SFX.,high,"Internal scaffold/reference only; final asset must be original, internal-approved, or licensed."
scene.settings.sound_toggle,scene.settings,02_reference_assets/authorized_raw/playwright_20260510T094437Z/iteration_3/1309_1.23.0_assets_default_common_sound_click.mp4,scaffold_reference,scaffold_internal_only,blocked_from_release,true,Replace with original or licensed noir/heist music and UI SFX.,high,"Internal scaffold/reference only; final asset must be original, internal-approved, or licensed."
scene.turbo.toggle.root,turbo.toggle,02_reference_assets/authorized_raw/playwright_20260510T094437Z/iteration_3/1309_1.23.0_assets_default_common_atlas_misc.atlas,scaffold_reference,scaffold_internal_only,blocked_from_release,true,Replace with original/internal-approved/licensed asset before release.,high,"Internal scaffold/reference only; final asset must be original, internal-approved, or licensed."
