path,sha256,size_bytes,modified_time_iso,gamePayload_appears,expected_target
[STAGING_ROOT]/platform-source/platform/Gamesv1/docs/gs/schemas/opengame.response.schema.json,73c6606cbb788b071aa2c212d17e4afdb49ee608b98e516a8689d50930370986,6082,2026-05-12T09:28:27.597228,true,true
[STAGING_ROOT]/platform-source/platform/Gamesv1/docs/gs/schemas/playround.response.schema.json,6e9614915b6c3aa03f0d89e0326e9d35f81051f01d492d7ff24b5805a25f3bde,6084,2026-05-12T09:28:27.615159,true,true
[STAGING_ROOT]/platform-source/platform/Gamesv1/docs/gs/schemas/featureaction.response.schema.json,d474435392f4453add30ee43c294380989582d267dd3ec71e1341f6f3703adbf,6092,2026-05-12T09:28:27.618483,true,true
[STAGING_ROOT]/platform-source/platform/Gamesv1/docs/gs/schemas/resumegame.response.schema.json,7405f72b0cb966e19bebb8df65101f8566bf3e7b82cd67cf1a212ff1a04545c5,6086,2026-05-12T09:28:27.623442,true,true
[STAGING_ROOT]/platform-source/platform/Gamesv1/docs/gs/schemas/gethistory.response.schema.json,df44305459fc0f85686598bf56ff6953a0a1570859ceb1658ff0f49688071062,9538,2026-05-12T09:28:27.626812,true,true
[STAGING_ROOT]/platform-source/platform/Gamesv1/docs/gs/schemas/closegame.response.schema.json,18b03c147f7b640bc37379903e728da9c149dbc464898d7ee3efb9e1a2ce9a1c,6084,2026-05-12T09:28:27.627611,true,true
[STAGING_ROOT]/platform-source/platform/Gamesv1/packages/core-protocol/src/schemas.ts,dcf788edbabfc03a38ed6e20db09a1c8b4a9c40fd572d03ddc2398f9aaa4bbc6,7823,2026-05-12T09:28:43.711353,true,true
[STAGING_ROOT]/platform-source/platform/Gamesv1/packages/core-protocol/src/IGameTransport.ts,66e918f3c7631069dfab7f55403b130b174500e1090ddf5947cd77b855b048ce,5683,2026-05-12T09:29:00.044499,true,true
[STAGING_ROOT]/platform-source/platform/Gamesv1/packages/ui-kit/src/shell/presentation/PremiumPresentationMapper.ts,743769af99b35daef2ec7fde704c59c42a083a9163a7967241df5ee82c75fabf,6856,2026-05-12T09:29:27.611074,true,true
