path,snapshot_created,snapshot_type,reason
[STAGING_ROOT]/platform-source/platform/Gamesv1/docs/gs/schemas/opengame.response.schema.json,false,none,Safe evidence bundle records hash/size/mtime only; full source copy not needed.
[STAGING_ROOT]/platform-source/platform/Gamesv1/docs/gs/schemas/playround.response.schema.json,false,none,Safe evidence bundle records hash/size/mtime only; full source copy not needed.
[STAGING_ROOT]/platform-source/platform/Gamesv1/docs/gs/schemas/featureaction.response.schema.json,false,none,Safe evidence bundle records hash/size/mtime only; full source copy not needed.
[STAGING_ROOT]/platform-source/platform/Gamesv1/docs/gs/schemas/resumegame.response.schema.json,false,none,Safe evidence bundle records hash/size/mtime only; full source copy not needed.
[STAGING_ROOT]/platform-source/platform/Gamesv1/docs/gs/schemas/gethistory.response.schema.json,false,none,Safe evidence bundle records hash/size/mtime only; full source copy not needed.
[STAGING_ROOT]/platform-source/platform/Gamesv1/docs/gs/schemas/closegame.response.schema.json,false,none,Safe evidence bundle records hash/size/mtime only; full source copy not needed.
[STAGING_ROOT]/platform-source/platform/Gamesv1/packages/core-protocol/src/schemas.ts,false,none,Safe evidence bundle records hash/size/mtime only; full source copy not needed.
[STAGING_ROOT]/platform-source/platform/Gamesv1/packages/core-protocol/src/IGameTransport.ts,false,none,Safe evidence bundle records hash/size/mtime only; full source copy not needed.
[STAGING_ROOT]/platform-source/platform/Gamesv1/packages/ui-kit/src/shell/presentation/PremiumPresentationMapper.ts,false,none,Safe evidence bundle records hash/size/mtime only; full source copy not needed.
